[{
  "install": {
    "doc": {
      "documentType": "Android Apps",
      "title": "Articulate Mobile Player"
    },
    "firstInstallationTime": "2021-07-30T13:30:01.742583Z",
    "deviceAttribute": {
      "model": "SM-M515F",
      "carrier": "o2",
      "manufacturer": "samsung",
      "deviceDisplayName": "samsung SM-M515F"
    },
    "lastUpdateTime": "2021-07-30T13:30:01.742583Z"
  }
},
{
  "install": {
    "doc": {
      "documentType": "Android Apps",
      "title": "Solar System Scope"
    },
    "firstInstallationTime": "2022-04-10T19:28:35.462918Z",
    "deviceAttribute": {
      "model": "SM-M515F",
      "carrier": "o2",
      "manufacturer": "samsung",
      "deviceDisplayName": "samsung SM-M515F"
    },
    "lastUpdateTime": "2022-04-10T19:28:35.462918Z"
  }
},
{
  "install": {
    "doc": {
      "documentType": "Android Apps",
      "title": "NeuroNation - Brain Training"
    },
    "firstInstallationTime": "2022-04-03T12:36:02.178632Z",
    "deviceAttribute": {
      "model": "SM-M515F",
      "carrier": "o2",
      "manufacturer": "samsung",
      "deviceDisplayName": "samsung SM-M515F"
    },
    "lastUpdateTime": "2022-04-03T12:36:02.178632Z"
  }
},
{
  "install": {
    "doc": {
      "documentType": "Android Apps",
      "title": "Aktionsfinder - Flugblatt App"
    },
    "firstInstallationTime": "2022-09-20T00:20:57.275617Z",
    "deviceAttribute": {
      "model": "SM-M515F",
      "carrier": "o2",
      "manufacturer": "samsung",
      "deviceDisplayName": "samsung SM-M515F"
    },
    "lastUpdateTime": "2022-09-20T00:20:57.275617Z"
  }
},
{
  "install": {
    "doc": {
      "documentType": "Android Apps",
      "title": "ILIAS Pegasus - mobile learnin"
    },
    "firstInstallationTime": "2022-09-22T09:35:50.127094Z",
    "deviceAttribute": {
      "model": "SM-M515F",
      "carrier": "o2",
      "manufacturer": "samsung",
      "deviceDisplayName": "samsung SM-M515F"
    },
    "lastUpdateTime": "2022-09-22T09:35:50.127094Z"
  }
},
{
  "install": {
    "doc": {
      "documentType": "Android Apps",
      "title": "AliExpress"
    },
    "firstInstallationTime": "2021-08-10T06:06:52.114021Z",
    "deviceAttribute": {
      "model": "SM-M515F",
      "carrier": "o2",
      "manufacturer": "samsung",
      "deviceDisplayName": "samsung SM-M515F"
    },
    "lastUpdateTime": "2022-06-10T09:37:23.206740Z"
  }
},
{
  "install": {
    "doc": {
      "documentType": "Android Apps",
      "title": "Google Chrome: Fast \u0026 Secure"
    },
    "firstInstallationTime": "2021-01-09T08:44:20.467578Z",
    "deviceAttribute": {
      "model": "CPH2113",
      "carrier": "Ooredoo Tunisia",
      "manufacturer": "OPPO",
      "deviceDisplayName": "OPPO CPH2113"
    },
    "lastUpdateTime": "2022-12-21T07:45:40.384980Z"
  }
},
{
  "install": {
    "doc": {
      "documentType": "Android Apps",
      "title": "Google Chrome: Fast \u0026 Secure"
    },
    "firstInstallationTime": "2021-03-12T14:01:41.522506Z",
    "deviceAttribute": {
      "model": "SM-M515F",
      "carrier": "o2",
      "manufacturer": "samsung",
      "deviceDisplayName": "samsung SM-M515F"
    },
    "lastUpdateTime": "2022-09-05T08:58:59.966780Z"
  }
},
{
  "install": {
    "doc": {
      "documentType": "Android Apps",
      "title": "Google Chrome: Fast \u0026 Secure"
    },
    "firstInstallationTime": "2020-07-13T12:12:00.424Z",
    "deviceAttribute": {
      "model": "",
      "carrier": "",
      "manufacturer": "",
      "deviceDisplayName": ""
    },
    "lastUpdateTime": "2020-08-16T07:09:03.598Z"
  }
},
{
  "install": {
    "doc": {
      "documentType": "Android Apps",
      "title": "Scan Hero: Document Scanner"
    },
    "firstInstallationTime": "2022-06-10T13:35:40.600574Z",
    "deviceAttribute": {
      "model": "SM-M515F",
      "carrier": "o2",
      "manufacturer": "samsung",
      "deviceDisplayName": "samsung SM-M515F"
    },
    "lastUpdateTime": "2022-06-10T13:35:40.600574Z"
  }
},
{
  "install": {
    "doc": {
      "documentType": "Android Apps",
      "title": "Deutsch Hören mit Geschichte"
    },
    "firstInstallationTime": "2022-02-09T00:07:12.077633Z",
    "deviceAttribute": {
      "model": "SM-M515F",
      "carrier": "o2",
      "manufacturer": "samsung",
      "deviceDisplayName": "samsung SM-M515F"
    },
    "lastUpdateTime": "2022-02-09T00:07:12.077633Z"
  }
},
{
  "install": {
    "doc": {
      "documentType": "Android Apps",
      "title": "TOEFL Vocabulary Prep App"
    },
    "firstInstallationTime": "2022-06-19T13:39:28.351139Z",
    "deviceAttribute": {
      "model": "SM-M515F",
      "carrier": "o2",
      "manufacturer": "samsung",
      "deviceDisplayName": "samsung SM-M515F"
    },
    "lastUpdateTime": "2022-06-19T13:39:28.351139Z"
  }
},
{
  "install": {
    "doc": {
      "documentType": "Android Apps",
      "title": "German States - Geography Quiz"
    },
    "firstInstallationTime": "2022-04-04T22:22:54.276709Z",
    "deviceAttribute": {
      "model": "SM-M515F",
      "carrier": "o2",
      "manufacturer": "samsung",
      "deviceDisplayName": "samsung SM-M515F"
    },
    "lastUpdateTime": "2022-04-04T22:22:54.276709Z"
  }
},
{
  "install": {
    "doc": {
      "documentType": "Android Apps",
      "title": "Arduino Tutorials - Examples"
    },
    "firstInstallationTime": "2022-09-18T20:34:57.037925Z",
    "deviceAttribute": {
      "model": "SM-M515F",
      "carrier": "o2",
      "manufacturer": "samsung",
      "deviceDisplayName": "samsung SM-M515F"
    },
    "lastUpdateTime": "2022-09-18T20:34:57.037925Z"
  }
},
{
  "install": {
    "doc": {
      "documentType": "Android Apps",
      "title": "Bluino Loader - Arduino IDE"
    },
    "firstInstallationTime": "2022-09-19T08:07:01.627417Z",
    "deviceAttribute": {
      "model": "SM-M515F",
      "carrier": "o2",
      "manufacturer": "samsung",
      "deviceDisplayName": "samsung SM-M515F"
    },
    "lastUpdateTime": "2022-09-19T08:07:01.627417Z"
  }
},
{
  "install": {
    "doc": {
      "documentType": "Android Apps",
      "title": "Busuu: Learn German"
    },
    "firstInstallationTime": "2022-01-30T18:47:52.871397Z",
    "deviceAttribute": {
      "model": "SM-M515F",
      "carrier": "o2",
      "manufacturer": "samsung",
      "deviceDisplayName": "samsung SM-M515F"
    },
    "lastUpdateTime": "2022-02-10T15:33:09.029370Z"
  }
},
{
  "install": {
    "doc": {
      "documentType": "Android Apps",
      "title": "Chess - Play and Learn"
    },
    "firstInstallationTime": "2021-08-10T13:50:00.562646Z",
    "deviceAttribute": {
      "model": "SM-M515F",
      "carrier": "o2",
      "manufacturer": "samsung",
      "deviceDisplayName": "samsung SM-M515F"
    },
    "lastUpdateTime": "2021-08-10T13:50:00.562646Z"
  }
},
{
  "install": {
    "doc": {
      "documentType": "Android Apps",
      "title": "Der Die Das - German Articles"
    },
    "firstInstallationTime": "2022-01-30T18:23:27.041308Z",
    "deviceAttribute": {
      "model": "SM-M515F",
      "carrier": "o2",
      "manufacturer": "samsung",
      "deviceDisplayName": "samsung SM-M515F"
    },
    "lastUpdateTime": "2022-02-10T15:33:09.029370Z"
  }
},
{
  "install": {
    "doc": {
      "documentType": "Android Apps",
      "title": "ANT+ Plugins Service"
    },
    "firstInstallationTime": "2020-07-13T12:12:00.424Z",
    "deviceAttribute": {
      "model": "",
      "carrier": "",
      "manufacturer": "",
      "deviceDisplayName": ""
    },
    "lastUpdateTime": "2020-08-16T07:09:03.598Z"
  }
},
{
  "install": {
    "doc": {
      "documentType": "Android Apps",
      "title": "ANT Radio Service"
    },
    "firstInstallationTime": "2020-07-13T12:12:00.424Z",
    "deviceAttribute": {
      "model": "",
      "carrier": "",
      "manufacturer": "",
      "deviceDisplayName": ""
    },
    "lastUpdateTime": "2020-08-16T07:09:03.598Z"
  }
},
{
  "install": {
    "doc": {
      "documentType": "Android Apps",
      "title": "Garena Free Fire: Winterlands"
    },
    "firstInstallationTime": "2021-07-11T15:32:50.685592Z",
    "deviceAttribute": {
      "model": "CPH2113",
      "carrier": "Ooredoo Tunisia",
      "manufacturer": "OPPO",
      "deviceDisplayName": "OPPO CPH2113"
    },
    "lastUpdateTime": "2022-11-19T06:40:15.000036Z"
  }
},
{
  "install": {
    "doc": {
      "documentType": "Android Apps",
      "title": "Duden German Dictionaries"
    },
    "firstInstallationTime": "2021-12-21T18:14:54.175122Z",
    "deviceAttribute": {
      "model": "SM-M515F",
      "carrier": "o2",
      "manufacturer": "samsung",
      "deviceDisplayName": "samsung SM-M515F"
    },
    "lastUpdateTime": "2021-12-21T18:14:54.175122Z"
  }
},
{
  "install": {
    "doc": {
      "documentType": "Android Apps",
      "title": "Duolingo: language lessons"
    },
    "firstInstallationTime": "2022-01-18T12:37:05.738745Z",
    "deviceAttribute": {
      "model": "SM-M515F",
      "carrier": "o2",
      "manufacturer": "samsung",
      "deviceDisplayName": "samsung SM-M515F"
    },
    "lastUpdateTime": "2022-01-20T01:00:02.769514Z"
  }
},
{
  "install": {
    "doc": {
      "documentType": "Android Apps",
      "title": "DW Learn German - A1, A2, B1 a"
    },
    "firstInstallationTime": "2021-11-06T22:39:00.722263Z",
    "deviceAttribute": {
      "model": "SM-M515F",
      "carrier": "o2",
      "manufacturer": "samsung",
      "deviceDisplayName": "samsung SM-M515F"
    },
    "lastUpdateTime": "2021-11-06T22:39:00.722263Z"
  }
},
{
  "install": {
    "doc": {
      "documentType": "Android Apps",
      "title": "British Council EnglishScore"
    },
    "firstInstallationTime": "2022-06-19T13:39:28.351139Z",
    "deviceAttribute": {
      "model": "SM-M515F",
      "carrier": "o2",
      "manufacturer": "samsung",
      "deviceDisplayName": "samsung SM-M515F"
    },
    "lastUpdateTime": "2022-06-19T13:39:28.351139Z"
  }
},
{
  "install": {
    "doc": {
      "documentType": "Android Apps",
      "title": "Blue Light Filter - Night Mode"
    },
    "firstInstallationTime": "2022-04-03T12:36:02.178632Z",
    "deviceAttribute": {
      "model": "SM-M515F",
      "carrier": "o2",
      "manufacturer": "samsung",
      "deviceDisplayName": "samsung SM-M515F"
    },
    "lastUpdateTime": "2022-04-03T12:36:02.178632Z"
  }
},
{
  "install": {
    "doc": {
      "documentType": "Android Apps",
      "title": "Facebook"
    },
    "firstInstallationTime": "2020-07-13T12:12:00.424Z",
    "deviceAttribute": {
      "model": "",
      "carrier": "",
      "manufacturer": "",
      "deviceDisplayName": ""
    },
    "lastUpdateTime": "2020-08-27T16:39:25.160314Z"
  }
},
{
  "install": {
    "doc": {
      "documentType": "Android Apps",
      "title": "FastHub for GitHub"
    },
    "firstInstallationTime": "2022-03-13T22:38:48.405333Z",
    "deviceAttribute": {
      "model": "SM-M515F",
      "carrier": "o2",
      "manufacturer": "samsung",
      "deviceDisplayName": "samsung SM-M515F"
    },
    "lastUpdateTime": "2022-03-13T22:38:48.405333Z"
  }
},
{
  "install": {
    "doc": {
      "documentType": "Android Apps",
      "title": "Fintiba - Your way to Germany"
    },
    "firstInstallationTime": "2022-07-03T16:04:21.960720Z",
    "deviceAttribute": {
      "model": "CPH2113",
      "carrier": "Ooredoo Tunisia",
      "manufacturer": "OPPO",
      "deviceDisplayName": "OPPO CPH2113"
    },
    "lastUpdateTime": "2022-09-16T09:27:12.584948Z"
  }
},
{
  "install": {
    "doc": {
      "documentType": "Android Apps",
      "title": "Fintiba - Your way to Germany"
    },
    "firstInstallationTime": "2022-06-18T13:41:48.576560Z",
    "deviceAttribute": {
      "model": "SM-M515F",
      "carrier": "o2",
      "manufacturer": "samsung",
      "deviceDisplayName": "samsung SM-M515F"
    },
    "lastUpdateTime": "2022-06-18T13:41:48.576560Z"
  }
},
{
  "install": {
    "doc": {
      "documentType": "Android Apps",
      "title": "Mental Math Master"
    },
    "firstInstallationTime": "2022-09-18T20:34:57.037925Z",
    "deviceAttribute": {
      "model": "SM-M515F",
      "carrier": "o2",
      "manufacturer": "samsung",
      "deviceDisplayName": "samsung SM-M515F"
    },
    "lastUpdateTime": "2022-09-18T20:34:57.037925Z"
  }
},
{
  "install": {
    "doc": {
      "documentType": "Android Apps",
      "title": "Learn German - 11,000 Words"
    },
    "firstInstallationTime": "2022-03-14T04:46:07.261606Z",
    "deviceAttribute": {
      "model": "SM-M515F",
      "carrier": "o2",
      "manufacturer": "samsung",
      "deviceDisplayName": "samsung SM-M515F"
    },
    "lastUpdateTime": "2022-03-14T04:46:07.261606Z"
  }
},
{
  "install": {
    "doc": {
      "documentType": "Android Apps",
      "title": "Learn German for Beginners"
    },
    "firstInstallationTime": "2022-01-30T18:47:52.871397Z",
    "deviceAttribute": {
      "model": "SM-M515F",
      "carrier": "o2",
      "manufacturer": "samsung",
      "deviceDisplayName": "samsung SM-M515F"
    },
    "lastUpdateTime": "2022-02-10T15:33:09.029370Z"
  }
},
{
  "install": {
    "doc": {
      "documentType": "Android Apps",
      "title": "GitHub"
    },
    "firstInstallationTime": "2021-03-12T14:45:23.654504Z",
    "deviceAttribute": {
      "model": "SM-M515F",
      "carrier": "o2",
      "manufacturer": "samsung",
      "deviceDisplayName": "samsung SM-M515F"
    },
    "lastUpdateTime": "2022-03-13T22:37:47.260508Z"
  }
},
{
  "install": {
    "doc": {
      "documentType": "Android Apps",
      "title": "GitFox for GitLab"
    },
    "firstInstallationTime": "2021-06-25T19:09:16.932871Z",
    "deviceAttribute": {
      "model": "SM-M515F",
      "carrier": "o2",
      "manufacturer": "samsung",
      "deviceDisplayName": "samsung SM-M515F"
    },
    "lastUpdateTime": "2021-06-25T19:09:16.932871Z"
  }
},
{
  "install": {
    "doc": {
      "documentType": "Android Apps",
      "title": "Glassdoor - Jobs Search \u0026 More"
    },
    "firstInstallationTime": "2021-07-22T07:57:04.703899Z",
    "deviceAttribute": {
      "model": "CPH2113",
      "carrier": "Ooredoo Tunisia",
      "manufacturer": "OPPO",
      "deviceDisplayName": "OPPO CPH2113"
    },
    "lastUpdateTime": "2022-12-15T06:51:46.653508Z"
  }
},
{
  "install": {
    "doc": {
      "documentType": "Android Apps",
      "title": "Glassdoor - Jobs Search \u0026 More"
    },
    "firstInstallationTime": "2022-11-04T21:06:16.266770Z",
    "deviceAttribute": {
      "model": "SM-M515F",
      "carrier": "o2",
      "manufacturer": "samsung",
      "deviceDisplayName": "samsung SM-M515F"
    },
    "lastUpdateTime": "2022-11-04T21:06:16.266770Z"
  }
},
{
  "install": {
    "doc": {
      "documentType": "Android Apps",
      "title": "Glassdoor - Jobs Search \u0026 More"
    },
    "firstInstallationTime": "2020-08-03T23:22:41.185Z",
    "deviceAttribute": {
      "model": "",
      "carrier": "",
      "manufacturer": "",
      "deviceDisplayName": ""
    },
    "lastUpdateTime": "2020-08-03T23:22:41.185Z"
  }
},
{
  "install": {
    "doc": {
      "documentType": "Android Apps",
      "title": "Google Wi-Fi Provisioner"
    },
    "firstInstallationTime": "2021-07-25T22:24:12.164056Z",
    "deviceAttribute": {
      "model": "SM-M515F",
      "carrier": "o2",
      "manufacturer": "samsung",
      "deviceDisplayName": "samsung SM-M515F"
    },
    "lastUpdateTime": "2021-07-25T22:24:12.164056Z"
  }
},
{
  "install": {
    "doc": {
      "documentType": "Android Apps",
      "title": "Google Classroom"
    },
    "firstInstallationTime": "2021-09-27T10:26:15.986363Z",
    "deviceAttribute": {
      "model": "SM-M515F",
      "carrier": "o2",
      "manufacturer": "samsung",
      "deviceDisplayName": "samsung SM-M515F"
    },
    "lastUpdateTime": "2022-01-20T01:00:02.769514Z"
  }
},
{
  "install": {
    "doc": {
      "documentType": "Android Apps",
      "title": "Google Cloud"
    },
    "firstInstallationTime": "2022-12-17T18:45:10.670012Z",
    "deviceAttribute": {
      "model": "SM-M515F",
      "carrier": "o2",
      "manufacturer": "samsung",
      "deviceDisplayName": "samsung SM-M515F"
    },
    "lastUpdateTime": "2022-12-17T18:45:10.670012Z"
  }
},
{
  "install": {
    "doc": {
      "documentType": "Android Apps",
      "title": "Google Drive"
    },
    "firstInstallationTime": "2021-03-12T14:20:31.341131Z",
    "deviceAttribute": {
      "model": "SM-M515F",
      "carrier": "o2",
      "manufacturer": "samsung",
      "deviceDisplayName": "samsung SM-M515F"
    },
    "lastUpdateTime": "2022-01-20T01:00:02.769514Z"
  }
},
{
  "install": {
    "doc": {
      "documentType": "Android Apps",
      "title": "Google Sheets"
    },
    "firstInstallationTime": "2021-09-26T16:07:58.609834Z",
    "deviceAttribute": {
      "model": "SM-M515F",
      "carrier": "o2",
      "manufacturer": "samsung",
      "deviceDisplayName": "samsung SM-M515F"
    },
    "lastUpdateTime": "2022-01-20T01:00:02.769514Z"
  }
},
{
  "install": {
    "doc": {
      "documentType": "Android Apps",
      "title": "Google Assistant"
    },
    "firstInstallationTime": "2021-01-09T08:44:20.467578Z",
    "deviceAttribute": {
      "model": "CPH2113",
      "carrier": "Ooredoo Tunisia",
      "manufacturer": "OPPO",
      "deviceDisplayName": "OPPO CPH2113"
    },
    "lastUpdateTime": "2022-09-19T22:15:36.141120Z"
  }
},
{
  "install": {
    "doc": {
      "documentType": "Android Apps",
      "title": "Google Maps"
    },
    "firstInstallationTime": "2021-01-09T08:44:20.467578Z",
    "deviceAttribute": {
      "model": "CPH2113",
      "carrier": "Ooredoo Tunisia",
      "manufacturer": "OPPO",
      "deviceDisplayName": "OPPO CPH2113"
    },
    "lastUpdateTime": "2022-12-14T03:52:29.921738Z"
  }
},
{
  "install": {
    "doc": {
      "documentType": "Android Apps",
      "title": "Google Maps"
    },
    "firstInstallationTime": "2021-03-12T14:01:41.522506Z",
    "deviceAttribute": {
      "model": "SM-M515F",
      "carrier": "o2",
      "manufacturer": "samsung",
      "deviceDisplayName": "samsung SM-M515F"
    },
    "lastUpdateTime": "2022-01-20T01:00:02.769514Z"
  }
},
{
  "install": {
    "doc": {
      "documentType": "Android Apps",
      "title": "Google Maps"
    },
    "firstInstallationTime": "2020-07-13T12:12:00.424Z",
    "deviceAttribute": {
      "model": "",
      "carrier": "",
      "manufacturer": "",
      "deviceDisplayName": ""
    },
    "lastUpdateTime": "2020-08-16T07:09:03.598Z"
  }
},
{
  "install": {
    "doc": {
      "documentType": "Android Apps",
      "title": "Google Meet (original)"
    },
    "firstInstallationTime": "2021-08-21T21:43:46.821250Z",
    "deviceAttribute": {
      "model": "SM-M515F",
      "carrier": "o2",
      "manufacturer": "samsung",
      "deviceDisplayName": "samsung SM-M515F"
    },
    "lastUpdateTime": "2021-08-21T21:43:46.821250Z"
  }
},
{
  "install": {
    "doc": {
      "documentType": "Android Apps",
      "title": "Messages by Google"
    },
    "firstInstallationTime": "2021-01-09T08:44:20.467578Z",
    "deviceAttribute": {
      "model": "CPH2113",
      "carrier": "Ooredoo Tunisia",
      "manufacturer": "OPPO",
      "deviceDisplayName": "OPPO CPH2113"
    },
    "lastUpdateTime": "2022-12-05T01:35:45.035008Z"
  }
},
{
  "install": {
    "doc": {
      "documentType": "Android Apps",
      "title": "Files by Google"
    },
    "firstInstallationTime": "2021-01-09T08:44:20.467578Z",
    "deviceAttribute": {
      "model": "CPH2113",
      "carrier": "Ooredoo Tunisia",
      "manufacturer": "OPPO",
      "deviceDisplayName": "OPPO CPH2113"
    },
    "lastUpdateTime": "2022-12-14T08:51:37.773377Z"
  }
},
{
  "install": {
    "doc": {
      "documentType": "Android Apps",
      "title": "Google Photos"
    },
    "firstInstallationTime": "2021-01-09T08:44:20.467578Z",
    "deviceAttribute": {
      "model": "CPH2113",
      "carrier": "Ooredoo Tunisia",
      "manufacturer": "OPPO",
      "deviceDisplayName": "OPPO CPH2113"
    },
    "lastUpdateTime": "2022-12-14T08:46:31.816925Z"
  }
},
{
  "install": {
    "doc": {
      "documentType": "Android Apps",
      "title": "Google Photos"
    },
    "firstInstallationTime": "2021-03-12T14:20:31.341131Z",
    "deviceAttribute": {
      "model": "SM-M515F",
      "carrier": "o2",
      "manufacturer": "samsung",
      "deviceDisplayName": "samsung SM-M515F"
    },
    "lastUpdateTime": "2022-01-20T01:00:02.769514Z"
  }
},
{
  "install": {
    "doc": {
      "documentType": "Android Apps",
      "title": "Data Restore Tool"
    },
    "firstInstallationTime": "2021-01-09T08:44:20.467578Z",
    "deviceAttribute": {
      "model": "CPH2113",
      "carrier": "Ooredoo Tunisia",
      "manufacturer": "OPPO",
      "deviceDisplayName": "OPPO CPH2113"
    },
    "lastUpdateTime": "2022-10-20T06:51:36.790477Z"
  }
},
{
  "install": {
    "doc": {
      "documentType": "Android Apps",
      "title": "Data Restore Tool"
    },
    "firstInstallationTime": "2021-03-12T14:01:41.522506Z",
    "deviceAttribute": {
      "model": "SM-M515F",
      "carrier": "o2",
      "manufacturer": "samsung",
      "deviceDisplayName": "samsung SM-M515F"
    },
    "lastUpdateTime": "2021-07-25T22:24:12.164056Z"
  }
},
{
  "install": {
    "doc": {
      "documentType": "Android Apps",
      "title": "Data Restore Tool"
    },
    "firstInstallationTime": "2020-07-13T12:12:00.424Z",
    "deviceAttribute": {
      "model": "",
      "carrier": "",
      "manufacturer": "",
      "deviceDisplayName": ""
    },
    "lastUpdateTime": "2020-08-16T07:09:03.598Z"
  }
},
{
  "install": {
    "doc": {
      "documentType": "Android Apps",
      "title": "Google Meet"
    },
    "firstInstallationTime": "2021-03-12T14:01:41.522506Z",
    "deviceAttribute": {
      "model": "SM-M515F",
      "carrier": "o2",
      "manufacturer": "samsung",
      "deviceDisplayName": "samsung SM-M515F"
    },
    "lastUpdateTime": "2022-01-20T01:00:02.769514Z"
  }
},
{
  "install": {
    "doc": {
      "documentType": "Android Apps",
      "title": "Google Translate"
    },
    "firstInstallationTime": "2021-05-06T19:07:27.350078Z",
    "deviceAttribute": {
      "model": "SM-M515F",
      "carrier": "o2",
      "manufacturer": "samsung",
      "deviceDisplayName": "samsung SM-M515F"
    },
    "lastUpdateTime": "2021-05-06T19:07:27.350078Z"
  }
},
{
  "install": {
    "doc": {
      "documentType": "Android Apps",
      "title": "Device Health Services"
    },
    "firstInstallationTime": "2021-03-12T14:01:41.522506Z",
    "deviceAttribute": {
      "model": "SM-M515F",
      "carrier": "o2",
      "manufacturer": "samsung",
      "deviceDisplayName": "samsung SM-M515F"
    },
    "lastUpdateTime": "2021-03-12T15:01:39.594561Z"
  }
},
{
  "install": {
    "doc": {
      "documentType": "Android Apps",
      "title": "Device Health Services"
    },
    "firstInstallationTime": "2020-07-13T12:12:00.424Z",
    "deviceAttribute": {
      "model": "",
      "carrier": "",
      "manufacturer": "",
      "deviceDisplayName": ""
    },
    "lastUpdateTime": "2020-08-16T07:09:03.598Z"
  }
},
{
  "install": {
    "doc": {
      "documentType": "Android Apps",
      "title": "Digital Wellbeing"
    },
    "firstInstallationTime": "2021-01-09T08:44:20.467578Z",
    "deviceAttribute": {
      "model": "CPH2113",
      "carrier": "Ooredoo Tunisia",
      "manufacturer": "OPPO",
      "deviceDisplayName": "OPPO CPH2113"
    },
    "lastUpdateTime": "2022-12-15T04:54:47.328961Z"
  }
},
{
  "install": {
    "doc": {
      "documentType": "Android Apps",
      "title": "YouTube Music"
    },
    "firstInstallationTime": "2021-03-12T15:32:57.221541Z",
    "deviceAttribute": {
      "model": "CPH2113",
      "carrier": "Ooredoo Tunisia",
      "manufacturer": "OPPO",
      "deviceDisplayName": "OPPO CPH2113"
    },
    "lastUpdateTime": "2022-12-14T08:52:43.598798Z"
  }
},
{
  "install": {
    "doc": {
      "documentType": "Android Apps",
      "title": "YouTube Music"
    },
    "firstInstallationTime": "2021-03-12T14:20:31.341131Z",
    "deviceAttribute": {
      "model": "SM-M515F",
      "carrier": "o2",
      "manufacturer": "samsung",
      "deviceDisplayName": "samsung SM-M515F"
    },
    "lastUpdateTime": "2021-07-29T21:18:49.431669Z"
  }
},
{
  "install": {
    "doc": {
      "documentType": "Android Apps",
      "title": "Android System Intelligence"
    },
    "firstInstallationTime": "2021-03-12T14:01:41.522506Z",
    "deviceAttribute": {
      "model": "SM-M515F",
      "carrier": "o2",
      "manufacturer": "samsung",
      "deviceDisplayName": "samsung SM-M515F"
    },
    "lastUpdateTime": "2021-07-25T22:24:12.164056Z"
  }
},
{
  "install": {
    "doc": {
      "documentType": "Android Apps",
      "title": "Google Calendar"
    },
    "firstInstallationTime": "2021-01-09T08:44:20.467578Z",
    "deviceAttribute": {
      "model": "CPH2113",
      "carrier": "Ooredoo Tunisia",
      "manufacturer": "OPPO",
      "deviceDisplayName": "OPPO CPH2113"
    },
    "lastUpdateTime": "2022-12-18T15:57:17.538458Z"
  }
},
{
  "install": {
    "doc": {
      "documentType": "Android Apps",
      "title": "Google Calendar"
    },
    "firstInstallationTime": "2021-10-09T11:00:43.417751Z",
    "deviceAttribute": {
      "model": "SM-M515F",
      "carrier": "o2",
      "manufacturer": "samsung",
      "deviceDisplayName": "samsung SM-M515F"
    },
    "lastUpdateTime": "2022-10-01T18:55:55.200759Z"
  }
},
{
  "install": {
    "doc": {
      "documentType": "Android Apps",
      "title": "Contacts"
    },
    "firstInstallationTime": "2021-01-09T08:44:20.467578Z",
    "deviceAttribute": {
      "model": "CPH2113",
      "carrier": "Ooredoo Tunisia",
      "manufacturer": "OPPO",
      "deviceDisplayName": "OPPO CPH2113"
    },
    "lastUpdateTime": "2022-12-15T06:50:31.009069Z"
  }
},
{
  "install": {
    "doc": {
      "documentType": "Android Apps",
      "title": "Phone by Google"
    },
    "firstInstallationTime": "2021-01-09T08:44:20.467578Z",
    "deviceAttribute": {
      "model": "CPH2113",
      "carrier": "Ooredoo Tunisia",
      "manufacturer": "OPPO",
      "deviceDisplayName": "OPPO CPH2113"
    },
    "lastUpdateTime": "2022-12-12T10:12:33.979182Z"
  }
},
{
  "install": {
    "doc": {
      "documentType": "Android Apps",
      "title": "Gmail"
    },
    "firstInstallationTime": "2021-01-09T08:44:20.467578Z",
    "deviceAttribute": {
      "model": "CPH2113",
      "carrier": "Ooredoo Tunisia",
      "manufacturer": "OPPO",
      "deviceDisplayName": "OPPO CPH2113"
    },
    "lastUpdateTime": "2022-12-12T10:13:23.623056Z"
  }
},
{
  "install": {
    "doc": {
      "documentType": "Android Apps",
      "title": "Gmail"
    },
    "firstInstallationTime": "2021-03-12T14:01:41.522506Z",
    "deviceAttribute": {
      "model": "SM-M515F",
      "carrier": "o2",
      "manufacturer": "samsung",
      "deviceDisplayName": "samsung SM-M515F"
    },
    "lastUpdateTime": "2022-01-20T01:00:02.769514Z"
  }
},
{
  "install": {
    "doc": {
      "documentType": "Android Apps",
      "title": "Gmail"
    },
    "firstInstallationTime": "2020-07-13T12:12:00.424Z",
    "deviceAttribute": {
      "model": "",
      "carrier": "",
      "manufacturer": "",
      "deviceDisplayName": ""
    },
    "lastUpdateTime": "2020-08-16T07:09:03.598Z"
  }
},
{
  "install": {
    "doc": {
      "documentType": "Android Apps",
      "title": "Google Play services"
    },
    "firstInstallationTime": "2021-01-09T08:44:20.467578Z",
    "deviceAttribute": {
      "model": "CPH2113",
      "carrier": "Ooredoo Tunisia",
      "manufacturer": "OPPO",
      "deviceDisplayName": "OPPO CPH2113"
    },
    "lastUpdateTime": "2022-12-16T06:02:44.557028Z"
  }
},
{
  "install": {
    "doc": {
      "documentType": "Android Apps",
      "title": "Google Play services"
    },
    "firstInstallationTime": "2021-03-12T14:01:41.522506Z",
    "deviceAttribute": {
      "model": "SM-M515F",
      "carrier": "o2",
      "manufacturer": "samsung",
      "deviceDisplayName": "samsung SM-M515F"
    },
    "lastUpdateTime": "2022-12-16T05:43:48.858861Z"
  }
},
{
  "install": {
    "doc": {
      "documentType": "Android Apps",
      "title": "Google Play services"
    },
    "firstInstallationTime": "2020-07-13T12:12:00.424Z",
    "deviceAttribute": {
      "model": "",
      "carrier": "",
      "manufacturer": "",
      "deviceDisplayName": ""
    },
    "lastUpdateTime": "2020-08-27T15:07:10.654119Z"
  }
},
{
  "install": {
    "doc": {
      "documentType": "Android Apps",
      "title": "Google"
    },
    "firstInstallationTime": "2021-01-09T08:44:20.467578Z",
    "deviceAttribute": {
      "model": "CPH2113",
      "carrier": "Ooredoo Tunisia",
      "manufacturer": "OPPO",
      "deviceDisplayName": "OPPO CPH2113"
    },
    "lastUpdateTime": "2022-12-17T08:23:47.398663Z"
  }
},
{
  "install": {
    "doc": {
      "documentType": "Android Apps",
      "title": "Google"
    },
    "firstInstallationTime": "2021-03-12T14:01:41.522506Z",
    "deviceAttribute": {
      "model": "SM-M515F",
      "carrier": "o2",
      "manufacturer": "samsung",
      "deviceDisplayName": "samsung SM-M515F"
    },
    "lastUpdateTime": "2021-06-18T03:28:07.707751Z"
  }
},
{
  "install": {
    "doc": {
      "documentType": "Android Apps",
      "title": "Google"
    },
    "firstInstallationTime": "2020-07-13T12:12:00.424Z",
    "deviceAttribute": {
      "model": "",
      "carrier": "",
      "manufacturer": "",
      "deviceDisplayName": ""
    },
    "lastUpdateTime": "2020-08-16T07:09:03.598Z"
  }
},
{
  "install": {
    "doc": {
      "documentType": "Android Apps",
      "title": "Carrier Services"
    },
    "firstInstallationTime": "2021-01-09T08:44:20.467578Z",
    "deviceAttribute": {
      "model": "CPH2113",
      "carrier": "Ooredoo Tunisia",
      "manufacturer": "OPPO",
      "deviceDisplayName": "OPPO CPH2113"
    },
    "lastUpdateTime": "2022-12-05T01:37:32.043042Z"
  }
},
{
  "install": {
    "doc": {
      "documentType": "Android Apps",
      "title": "Gboard - the Google Keyboard"
    },
    "firstInstallationTime": "2021-01-09T08:44:20.467578Z",
    "deviceAttribute": {
      "model": "CPH2113",
      "carrier": "Ooredoo Tunisia",
      "manufacturer": "OPPO",
      "deviceDisplayName": "OPPO CPH2113"
    },
    "lastUpdateTime": "2022-12-14T08:51:37.773377Z"
  }
},
{
  "install": {
    "doc": {
      "documentType": "Android Apps",
      "title": "Google Keep - Notes and Lists"
    },
    "firstInstallationTime": "2021-01-09T08:44:20.467578Z",
    "deviceAttribute": {
      "model": "CPH2113",
      "carrier": "Ooredoo Tunisia",
      "manufacturer": "OPPO",
      "deviceDisplayName": "OPPO CPH2113"
    },
    "lastUpdateTime": "2022-12-18T15:56:23.373459Z"
  }
},
{
  "install": {
    "doc": {
      "documentType": "Android Apps",
      "title": "Android Accessibility Suite"
    },
    "firstInstallationTime": "2021-01-09T08:44:20.467578Z",
    "deviceAttribute": {
      "model": "CPH2113",
      "carrier": "Ooredoo Tunisia",
      "manufacturer": "OPPO",
      "deviceDisplayName": "OPPO CPH2113"
    },
    "lastUpdateTime": "2022-09-26T19:47:42.800265Z"
  }
},
{
  "install": {
    "doc": {
      "documentType": "Android Apps",
      "title": "com.google.android.partnersetup"
    },
    "firstInstallationTime": "2021-11-07T08:40:03.644638Z",
    "deviceAttribute": {
      "model": "CPH2113",
      "carrier": "Ooredoo Tunisia",
      "manufacturer": "OPPO",
      "deviceDisplayName": "OPPO CPH2113"
    },
    "lastUpdateTime": "2022-06-01T21:52:31.547571Z"
  }
},
{
  "install": {
    "doc": {
      "documentType": "Android Apps",
      "title": "com.google.android.partnersetup"
    },
    "firstInstallationTime": "2021-11-06T17:50:59.454804Z",
    "deviceAttribute": {
      "model": "SM-M515F",
      "carrier": "o2",
      "manufacturer": "samsung",
      "deviceDisplayName": "samsung SM-M515F"
    },
    "lastUpdateTime": "2021-11-06T17:50:59.454804Z"
  }
},
{
  "install": {
    "doc": {
      "documentType": "Android Apps",
      "title": "Google Play Games"
    },
    "firstInstallationTime": "2021-07-14T05:36:53.797122Z",
    "deviceAttribute": {
      "model": "CPH2113",
      "carrier": "Ooredoo Tunisia",
      "manufacturer": "OPPO",
      "deviceDisplayName": "OPPO CPH2113"
    },
    "lastUpdateTime": "2022-12-15T04:54:47.328961Z"
  }
},
{
  "install": {
    "doc": {
      "documentType": "Android Apps",
      "title": "Google Play Games"
    },
    "firstInstallationTime": "2021-07-13T22:13:55.574514Z",
    "deviceAttribute": {
      "model": "SM-M515F",
      "carrier": "o2",
      "manufacturer": "samsung",
      "deviceDisplayName": "samsung SM-M515F"
    },
    "lastUpdateTime": "2021-07-13T22:13:55.574514Z"
  }
},
{
  "install": {
    "doc": {
      "documentType": "Android Apps",
      "title": "Android Auto"
    },
    "firstInstallationTime": "2021-01-09T08:44:20.467578Z",
    "deviceAttribute": {
      "model": "CPH2113",
      "carrier": "Ooredoo Tunisia",
      "manufacturer": "OPPO",
      "deviceDisplayName": "OPPO CPH2113"
    },
    "lastUpdateTime": "2022-12-11T13:11:55.076002Z"
  }
},
{
  "install": {
    "doc": {
      "documentType": "Android Apps",
      "title": "Android Auto"
    },
    "firstInstallationTime": "2021-03-12T14:01:41.522506Z",
    "deviceAttribute": {
      "model": "SM-M515F",
      "carrier": "o2",
      "manufacturer": "samsung",
      "deviceDisplayName": "samsung SM-M515F"
    },
    "lastUpdateTime": "2021-04-11T23:23:48.179381Z"
  }
},
{
  "install": {
    "doc": {
      "documentType": "Android Apps",
      "title": "Speech Services by Google"
    },
    "firstInstallationTime": "2021-01-09T08:44:20.467578Z",
    "deviceAttribute": {
      "model": "CPH2113",
      "carrier": "Ooredoo Tunisia",
      "manufacturer": "OPPO",
      "deviceDisplayName": "OPPO CPH2113"
    },
    "lastUpdateTime": "2022-12-04T01:20:36.719435Z"
  }
},
{
  "install": {
    "doc": {
      "documentType": "Android Apps",
      "title": "Speech Services by Google"
    },
    "firstInstallationTime": "2021-03-12T14:01:41.522506Z",
    "deviceAttribute": {
      "model": "SM-M515F",
      "carrier": "o2",
      "manufacturer": "samsung",
      "deviceDisplayName": "samsung SM-M515F"
    },
    "lastUpdateTime": "2021-04-11T23:14:11.533755Z"
  }
},
{
  "install": {
    "doc": {
      "documentType": "Android Apps",
      "title": "Speech Services by Google"
    },
    "firstInstallationTime": "2020-07-13T12:12:00.424Z",
    "deviceAttribute": {
      "model": "",
      "carrier": "",
      "manufacturer": "",
      "deviceDisplayName": ""
    },
    "lastUpdateTime": "2020-08-16T07:09:03.598Z"
  }
},
{
  "install": {
    "doc": {
      "documentType": "Android Apps",
      "title": "Android System WebView"
    },
    "firstInstallationTime": "2021-01-09T08:44:20.467578Z",
    "deviceAttribute": {
      "model": "CPH2113",
      "carrier": "Ooredoo Tunisia",
      "manufacturer": "OPPO",
      "deviceDisplayName": "OPPO CPH2113"
    },
    "lastUpdateTime": "2022-12-17T08:30:38.857192Z"
  }
},
{
  "install": {
    "doc": {
      "documentType": "Android Apps",
      "title": "Android System WebView"
    },
    "firstInstallationTime": "2021-03-12T14:01:41.522506Z",
    "deviceAttribute": {
      "model": "SM-M515F",
      "carrier": "o2",
      "manufacturer": "samsung",
      "deviceDisplayName": "samsung SM-M515F"
    },
    "lastUpdateTime": "2022-06-10T09:37:23.206740Z"
  }
},
{
  "install": {
    "doc": {
      "documentType": "Android Apps",
      "title": "YouTube"
    },
    "firstInstallationTime": "2021-01-09T08:44:20.467578Z",
    "deviceAttribute": {
      "model": "CPH2113",
      "carrier": "Ooredoo Tunisia",
      "manufacturer": "OPPO",
      "deviceDisplayName": "OPPO CPH2113"
    },
    "lastUpdateTime": "2022-12-21T07:47:04.698872Z"
  }
},
{
  "install": {
    "doc": {
      "documentType": "Android Apps",
      "title": "YouTube"
    },
    "firstInstallationTime": "2021-03-12T14:01:41.522506Z",
    "deviceAttribute": {
      "model": "SM-M515F",
      "carrier": "o2",
      "manufacturer": "samsung",
      "deviceDisplayName": "samsung SM-M515F"
    },
    "lastUpdateTime": "2022-04-02T15:29:13.799245Z"
  }
},
{
  "install": {
    "doc": {
      "documentType": "Android Apps",
      "title": "YouTube"
    },
    "firstInstallationTime": "2020-07-13T12:12:00.424Z",
    "deviceAttribute": {
      "model": "",
      "carrier": "",
      "manufacturer": "",
      "deviceDisplayName": ""
    },
    "lastUpdateTime": "2020-08-16T07:09:03.598Z"
  }
},
{
  "install": {
    "doc": {
      "documentType": "Android Apps",
      "title": "Google Play Services for AR"
    },
    "firstInstallationTime": "2021-01-09T08:44:20.467578Z",
    "deviceAttribute": {
      "model": "CPH2113",
      "carrier": "Ooredoo Tunisia",
      "manufacturer": "OPPO",
      "deviceDisplayName": "OPPO CPH2113"
    },
    "lastUpdateTime": "2022-12-22T06:52:59.613885Z"
  }
},
{
  "install": {
    "doc": {
      "documentType": "Android Apps",
      "title": "Google Play Services for AR"
    },
    "firstInstallationTime": "2021-03-12T14:01:41.522506Z",
    "deviceAttribute": {
      "model": "SM-M515F",
      "carrier": "o2",
      "manufacturer": "samsung",
      "deviceDisplayName": "samsung SM-M515F"
    },
    "lastUpdateTime": "2022-01-20T01:00:02.769514Z"
  }
},
{
  "install": {
    "doc": {
      "documentType": "Android Apps",
      "title": "Google Play Services for AR"
    },
    "firstInstallationTime": "2020-07-13T12:12:00.424Z",
    "deviceAttribute": {
      "model": "",
      "carrier": "",
      "manufacturer": "",
      "deviceDisplayName": ""
    },
    "lastUpdateTime": "2020-08-16T07:09:03.598Z"
  }
},
{
  "install": {
    "doc": {
      "documentType": "Android Apps",
      "title": "Google Lens"
    },
    "firstInstallationTime": "2021-01-09T08:44:20.467578Z",
    "deviceAttribute": {
      "model": "CPH2113",
      "carrier": "Ooredoo Tunisia",
      "manufacturer": "OPPO",
      "deviceDisplayName": "OPPO CPH2113"
    },
    "lastUpdateTime": "2022-05-21T23:49:37.915364Z"
  }
},
{
  "install": {
    "doc": {
      "documentType": "Android Apps",
      "title": "Live Transcribe \u0026 Notification"
    },
    "firstInstallationTime": "2021-03-12T14:01:41.522506Z",
    "deviceAttribute": {
      "model": "SM-M515F",
      "carrier": "o2",
      "manufacturer": "samsung",
      "deviceDisplayName": "samsung SM-M515F"
    },
    "lastUpdateTime": "2021-04-11T23:27:19.799091Z"
  }
},
{
  "install": {
    "doc": {
      "documentType": "Android Apps",
      "title": "Chrome Remote Desktop"
    },
    "firstInstallationTime": "2021-08-05T07:37:28.381328Z",
    "deviceAttribute": {
      "model": "SM-M515F",
      "carrier": "o2",
      "manufacturer": "samsung",
      "deviceDisplayName": "samsung SM-M515F"
    },
    "lastUpdateTime": "2021-08-05T07:37:28.381328Z"
  }
},
{
  "install": {
    "doc": {
      "documentType": "Android Apps",
      "title": "Google VR Services"
    },
    "firstInstallationTime": "2020-07-13T12:12:00.424Z",
    "deviceAttribute": {
      "model": "",
      "carrier": "",
      "manufacturer": "",
      "deviceDisplayName": ""
    },
    "lastUpdateTime": "2020-08-16T07:09:03.598Z"
  }
},
{
  "install": {
    "doc": {
      "documentType": "Android Apps",
      "title": "Learn German: The Daily Readle"
    },
    "firstInstallationTime": "2022-03-14T04:51:42.925733Z",
    "deviceAttribute": {
      "model": "SM-M515F",
      "carrier": "o2",
      "manufacturer": "samsung",
      "deviceDisplayName": "samsung SM-M515F"
    },
    "lastUpdateTime": "2022-03-14T04:51:42.925733Z"
  }
},
{
  "install": {
    "doc": {
      "documentType": "Android Apps",
      "title": "Heytap Pictorial"
    },
    "firstInstallationTime": "2022-05-24T10:12:14.095297Z",
    "deviceAttribute": {
      "model": "CPH2113",
      "carrier": "Ooredoo Tunisia",
      "manufacturer": "OPPO",
      "deviceDisplayName": "OPPO CPH2113"
    },
    "lastUpdateTime": "2022-12-02T08:23:25.918948Z"
  }
},
{
  "install": {
    "doc": {
      "documentType": "Android Apps",
      "title": "Theme"
    },
    "firstInstallationTime": "2022-04-26T10:12:11.747171Z",
    "deviceAttribute": {
      "model": "CPH2113",
      "carrier": "Ooredoo Tunisia",
      "manufacturer": "OPPO",
      "deviceDisplayName": "OPPO CPH2113"
    },
    "lastUpdateTime": "2022-10-20T06:51:36.790477Z"
  }
},
{
  "install": {
    "doc": {
      "documentType": "Android Apps",
      "title": "FAB Adblocker Browser:Adblock"
    },
    "firstInstallationTime": "2021-06-16T03:36:47.017344Z",
    "deviceAttribute": {
      "model": "SM-M515F",
      "carrier": "o2",
      "manufacturer": "samsung",
      "deviceDisplayName": "samsung SM-M515F"
    },
    "lastUpdateTime": "2021-06-16T03:36:47.017344Z"
  }
},
{
  "install": {
    "doc": {
      "documentType": "Android Apps",
      "title": "bVNC: Secure VNC Viewer"
    },
    "firstInstallationTime": "2021-07-20T16:35:24.598204Z",
    "deviceAttribute": {
      "model": "SM-M515F",
      "carrier": "o2",
      "manufacturer": "samsung",
      "deviceDisplayName": "samsung SM-M515F"
    },
    "lastUpdateTime": "2021-07-20T16:35:24.598204Z"
  }
},
{
  "install": {
    "doc": {
      "documentType": "Android Apps",
      "title": "Tunisia Mobile ID e-houwiya"
    },
    "firstInstallationTime": "2022-09-22T13:52:40.253213Z",
    "deviceAttribute": {
      "model": "SM-M515F",
      "carrier": "o2",
      "manufacturer": "samsung",
      "deviceDisplayName": "samsung SM-M515F"
    },
    "lastUpdateTime": "2022-09-22T13:52:40.253213Z"
  }
},
{
  "install": {
    "doc": {
      "documentType": "Android Apps",
      "title": "Le Conjugueur"
    },
    "firstInstallationTime": "2021-12-20T18:34:10.906716Z",
    "deviceAttribute": {
      "model": "SM-M515F",
      "carrier": "o2",
      "manufacturer": "samsung",
      "deviceDisplayName": "samsung SM-M515F"
    },
    "lastUpdateTime": "2022-01-20T01:00:02.769514Z"
  }
},
{
  "install": {
    "doc": {
      "documentType": "Android Apps",
      "title": "LinkedIn: Jobs \u0026 Business News"
    },
    "firstInstallationTime": "2021-03-12T14:20:31.341131Z",
    "deviceAttribute": {
      "model": "SM-M515F",
      "carrier": "o2",
      "manufacturer": "samsung",
      "deviceDisplayName": "samsung SM-M515F"
    },
    "lastUpdateTime": "2022-06-20T22:21:28.258212Z"
  }
},
{
  "install": {
    "doc": {
      "documentType": "Android Apps",
      "title": "LinkedIn Learning"
    },
    "firstInstallationTime": "2021-10-16T15:04:38.538058Z",
    "deviceAttribute": {
      "model": "SM-M515F",
      "carrier": "o2",
      "manufacturer": "samsung",
      "deviceDisplayName": "samsung SM-M515F"
    },
    "lastUpdateTime": "2022-01-20T01:00:02.769514Z"
  }
},
{
  "install": {
    "doc": {
      "documentType": "Android Apps",
      "title": "UNO!™"
    },
    "firstInstallationTime": "2022-04-04T22:28:18.409569Z",
    "deviceAttribute": {
      "model": "SM-M515F",
      "carrier": "o2",
      "manufacturer": "samsung",
      "deviceDisplayName": "samsung SM-M515F"
    },
    "lastUpdateTime": "2022-06-10T09:37:23.206740Z"
  }
},
{
  "install": {
    "doc": {
      "documentType": "Android Apps",
      "title": "HNV mobil"
    },
    "firstInstallationTime": "2022-09-11T22:36:51.606869Z",
    "deviceAttribute": {
      "model": "SM-M515F",
      "carrier": "o2",
      "manufacturer": "samsung",
      "deviceDisplayName": "samsung SM-M515F"
    },
    "lastUpdateTime": "2022-09-11T22:36:51.606869Z"
  }
},
{
  "install": {
    "doc": {
      "documentType": "Android Apps",
      "title": "GIF Maker, GIF Editor"
    },
    "firstInstallationTime": "2021-07-22T15:25:32.698297Z",
    "deviceAttribute": {
      "model": "SM-M515F",
      "carrier": "o2",
      "manufacturer": "samsung",
      "deviceDisplayName": "samsung SM-M515F"
    },
    "lastUpdateTime": "2022-01-20T01:00:02.769514Z"
  }
},
{
  "install": {
    "doc": {
      "documentType": "Android Apps",
      "title": "Medium"
    },
    "firstInstallationTime": "2021-08-06T19:14:00.977512Z",
    "deviceAttribute": {
      "model": "SM-M515F",
      "carrier": "o2",
      "manufacturer": "samsung",
      "deviceDisplayName": "samsung SM-M515F"
    },
    "lastUpdateTime": "2022-01-20T01:00:02.769514Z"
  }
},
{
  "install": {
    "doc": {
      "documentType": "Android Apps",
      "title": "Memrise Easy Language Learning"
    },
    "firstInstallationTime": "2022-01-30T18:43:14.239294Z",
    "deviceAttribute": {
      "model": "SM-M515F",
      "carrier": "o2",
      "manufacturer": "samsung",
      "deviceDisplayName": "samsung SM-M515F"
    },
    "lastUpdateTime": "2022-02-10T15:33:09.029370Z"
  }
},
{
  "install": {
    "doc": {
      "documentType": "Android Apps",
      "title": "Microsoft Azure"
    },
    "firstInstallationTime": "2021-12-17T17:56:21.388501Z",
    "deviceAttribute": {
      "model": "SM-M515F",
      "carrier": "o2",
      "manufacturer": "samsung",
      "deviceDisplayName": "samsung SM-M515F"
    },
    "lastUpdateTime": "2021-12-17T17:56:21.388501Z"
  }
},
{
  "install": {
    "doc": {
      "documentType": "Android Apps",
      "title": "Microsoft Excel: Spreadsheets"
    },
    "firstInstallationTime": "2020-07-13T12:12:00.424Z",
    "deviceAttribute": {
      "model": "",
      "carrier": "",
      "manufacturer": "",
      "deviceDisplayName": ""
    },
    "lastUpdateTime": "2020-08-27T16:35:49.064251Z"
  }
},
{
  "install": {
    "doc": {
      "documentType": "Android Apps",
      "title": "Office (Microsoft 365)"
    },
    "firstInstallationTime": "2021-05-06T19:05:43.885468Z",
    "deviceAttribute": {
      "model": "CPH2113",
      "carrier": "Ooredoo Tunisia",
      "manufacturer": "OPPO",
      "deviceDisplayName": "OPPO CPH2113"
    },
    "lastUpdateTime": "2022-12-09T11:40:28.146359Z"
  }
},
{
  "install": {
    "doc": {
      "documentType": "Android Apps",
      "title": "Office (Microsoft 365)"
    },
    "firstInstallationTime": "2021-03-12T14:20:31.341131Z",
    "deviceAttribute": {
      "model": "SM-M515F",
      "carrier": "o2",
      "manufacturer": "samsung",
      "deviceDisplayName": "samsung SM-M515F"
    },
    "lastUpdateTime": "2021-04-11T23:30:59.284586Z"
  }
},
{
  "install": {
    "doc": {
      "documentType": "Android Apps",
      "title": "Microsoft Outlook"
    },
    "firstInstallationTime": "2021-03-12T15:32:57.221541Z",
    "deviceAttribute": {
      "model": "CPH2113",
      "carrier": "Ooredoo Tunisia",
      "manufacturer": "OPPO",
      "deviceDisplayName": "OPPO CPH2113"
    },
    "lastUpdateTime": "2022-12-11T13:02:10.951587Z"
  }
},
{
  "install": {
    "doc": {
      "documentType": "Android Apps",
      "title": "Microsoft Outlook"
    },
    "firstInstallationTime": "2021-03-12T14:20:31.341131Z",
    "deviceAttribute": {
      "model": "SM-M515F",
      "carrier": "o2",
      "manufacturer": "samsung",
      "deviceDisplayName": "samsung SM-M515F"
    },
    "lastUpdateTime": "2021-04-11T23:32:02.191202Z"
  }
},
{
  "install": {
    "doc": {
      "documentType": "Android Apps",
      "title": "Microsoft PowerPoint"
    },
    "firstInstallationTime": "2020-07-13T12:12:00.424Z",
    "deviceAttribute": {
      "model": "",
      "carrier": "",
      "manufacturer": "",
      "deviceDisplayName": ""
    },
    "lastUpdateTime": "2020-08-27T16:35:49.064251Z"
  }
},
{
  "install": {
    "doc": {
      "documentType": "Android Apps",
      "title": "Microsoft Word: Edit Documents"
    },
    "firstInstallationTime": "2020-07-13T12:12:00.424Z",
    "deviceAttribute": {
      "model": "",
      "carrier": "",
      "manufacturer": "",
      "deviceDisplayName": ""
    },
    "lastUpdateTime": "2020-08-27T16:35:49.064251Z"
  }
},
{
  "install": {
    "doc": {
      "documentType": "Android Apps",
      "title": "Microsoft OneDrive"
    },
    "firstInstallationTime": "2021-03-12T14:01:41.522506Z",
    "deviceAttribute": {
      "model": "SM-M515F",
      "carrier": "o2",
      "manufacturer": "samsung",
      "deviceDisplayName": "samsung SM-M515F"
    },
    "lastUpdateTime": "2022-10-09T01:11:41.181367Z"
  }
},
{
  "install": {
    "doc": {
      "documentType": "Android Apps",
      "title": "Microsoft OneDrive"
    },
    "firstInstallationTime": "2020-07-13T12:12:00.424Z",
    "deviceAttribute": {
      "model": "",
      "carrier": "",
      "manufacturer": "",
      "deviceDisplayName": ""
    },
    "lastUpdateTime": "2020-08-16T07:09:03.598Z"
  }
},
{
  "install": {
    "doc": {
      "documentType": "Android Apps",
      "title": "Microsoft Teams"
    },
    "firstInstallationTime": "2021-03-12T14:53:40.603652Z",
    "deviceAttribute": {
      "model": "SM-M515F",
      "carrier": "o2",
      "manufacturer": "samsung",
      "deviceDisplayName": "samsung SM-M515F"
    },
    "lastUpdateTime": "2021-04-11T23:34:53.185446Z"
  }
},
{
  "install": {
    "doc": {
      "documentType": "Android Apps",
      "title": "StudyGe - World Geography Quiz"
    },
    "firstInstallationTime": "2022-06-19T13:39:28.351139Z",
    "deviceAttribute": {
      "model": "SM-M515F",
      "carrier": "o2",
      "manufacturer": "samsung",
      "deviceDisplayName": "samsung SM-M515F"
    },
    "lastUpdateTime": "2022-06-19T13:39:28.351139Z"
  }
},
{
  "install": {
    "doc": {
      "documentType": "Android Apps",
      "title": "Learn German A1 for Beginners!"
    },
    "firstInstallationTime": "2022-01-30T18:47:52.871397Z",
    "deviceAttribute": {
      "model": "SM-M515F",
      "carrier": "o2",
      "manufacturer": "samsung",
      "deviceDisplayName": "samsung SM-M515F"
    },
    "lastUpdateTime": "2022-01-30T18:47:52.871397Z"
  }
},
{
  "install": {
    "doc": {
      "documentType": "Android Apps",
      "title": "Netflix"
    },
    "firstInstallationTime": "2021-01-09T08:44:20.467578Z",
    "deviceAttribute": {
      "model": "CPH2113",
      "carrier": "Ooredoo Tunisia",
      "manufacturer": "OPPO",
      "deviceDisplayName": "OPPO CPH2113"
    },
    "lastUpdateTime": "2022-12-18T15:56:23.373459Z"
  }
},
{
  "install": {
    "doc": {
      "documentType": "Android Apps",
      "title": "Netflix"
    },
    "firstInstallationTime": "2021-03-12T14:01:41.522506Z",
    "deviceAttribute": {
      "model": "SM-M515F",
      "carrier": "o2",
      "manufacturer": "samsung",
      "deviceDisplayName": "samsung SM-M515F"
    },
    "lastUpdateTime": "2022-06-10T09:37:23.206740Z"
  }
},
{
  "install": {
    "doc": {
      "documentType": "Android Apps",
      "title": "Newchic - Fashion Online"
    },
    "firstInstallationTime": "2020-08-07T12:03:09.637Z",
    "deviceAttribute": {
      "model": "",
      "carrier": "",
      "manufacturer": "",
      "deviceDisplayName": ""
    },
    "lastUpdateTime": "2020-08-14T12:33:02.993Z"
  }
},
{
  "install": {
    "doc": {
      "documentType": "Android Apps",
      "title": "Games"
    },
    "firstInstallationTime": "2022-06-01T21:52:31.547571Z",
    "deviceAttribute": {
      "model": "CPH2113",
      "carrier": "Ooredoo Tunisia",
      "manufacturer": "OPPO",
      "deviceDisplayName": "OPPO CPH2113"
    },
    "lastUpdateTime": "2022-12-18T15:59:45.446231Z"
  }
},
{
  "install": {
    "doc": {
      "documentType": "Android Apps",
      "title": "Global Search"
    },
    "firstInstallationTime": "2022-12-10T21:43:30.995099Z",
    "deviceAttribute": {
      "model": "CPH2113",
      "carrier": "Ooredoo Tunisia",
      "manufacturer": "OPPO",
      "deviceDisplayName": "OPPO CPH2113"
    },
    "lastUpdateTime": "2022-12-15T04:54:47.328961Z"
  }
},
{
  "install": {
    "doc": {
      "documentType": "Android Apps",
      "title": "Plex: Stream Movies \u0026 TV"
    },
    "firstInstallationTime": "2021-07-07T13:08:04.662105Z",
    "deviceAttribute": {
      "model": "SM-M515F",
      "carrier": "o2",
      "manufacturer": "samsung",
      "deviceDisplayName": "samsung SM-M515F"
    },
    "lastUpdateTime": "2021-07-07T13:08:04.662105Z"
  }
},
{
  "install": {
    "doc": {
      "documentType": "Android Apps",
      "title": "HNV Kiosk"
    },
    "firstInstallationTime": "2022-09-11T22:37:58.237389Z",
    "deviceAttribute": {
      "model": "SM-M515F",
      "carrier": "o2",
      "manufacturer": "samsung",
      "deviceDisplayName": "samsung SM-M515F"
    },
    "lastUpdateTime": "2022-09-11T22:37:58.237389Z"
  }
},
{
  "install": {
    "doc": {
      "documentType": "Android Apps",
      "title": "Radio Germany: Radio online"
    },
    "firstInstallationTime": "2021-11-06T22:39:44.694553Z",
    "deviceAttribute": {
      "model": "SM-M515F",
      "carrier": "o2",
      "manufacturer": "samsung",
      "deviceDisplayName": "samsung SM-M515F"
    },
    "lastUpdateTime": "2022-01-20T01:00:02.769514Z"
  }
},
{
  "install": {
    "doc": {
      "documentType": "Android Apps",
      "title": "com.samsung.SMT"
    },
    "firstInstallationTime": "2020-07-13T12:12:00.424Z",
    "deviceAttribute": {
      "model": "",
      "carrier": "",
      "manufacturer": "",
      "deviceDisplayName": ""
    },
    "lastUpdateTime": "2020-08-16T07:09:03.598Z"
  }
},
{
  "install": {
    "doc": {
      "documentType": "Android Apps",
      "title": "[Samsung] Always On Display"
    },
    "firstInstallationTime": "2020-07-13T12:12:00.424Z",
    "deviceAttribute": {
      "model": "",
      "carrier": "",
      "manufacturer": "",
      "deviceDisplayName": ""
    },
    "lastUpdateTime": "2020-08-16T07:09:03.598Z"
  }
},
{
  "install": {
    "doc": {
      "documentType": "Android Apps",
      "title": "com.samsung.android.app.reminder"
    },
    "firstInstallationTime": "2020-07-13T12:12:00.424Z",
    "deviceAttribute": {
      "model": "",
      "carrier": "",
      "manufacturer": "",
      "deviceDisplayName": ""
    },
    "lastUpdateTime": "2020-08-27T15:05:34.851132Z"
  }
},
{
  "install": {
    "doc": {
      "documentType": "Android Apps",
      "title": "Link Sharing"
    },
    "firstInstallationTime": "2020-07-13T12:12:00.424Z",
    "deviceAttribute": {
      "model": "",
      "carrier": "",
      "manufacturer": "",
      "deviceDisplayName": ""
    },
    "lastUpdateTime": "2020-08-16T07:09:03.598Z"
  }
},
{
  "install": {
    "doc": {
      "documentType": "Android Apps",
      "title": "Device Care"
    },
    "firstInstallationTime": "2020-07-13T12:12:00.424Z",
    "deviceAttribute": {
      "model": "",
      "carrier": "",
      "manufacturer": "",
      "deviceDisplayName": ""
    },
    "lastUpdateTime": "2020-08-16T07:09:03.598Z"
  }
},
{
  "install": {
    "doc": {
      "documentType": "Android Apps",
      "title": "Group Sharing"
    },
    "firstInstallationTime": "2021-03-12T14:01:41.522506Z",
    "deviceAttribute": {
      "model": "SM-M515F",
      "carrier": "o2",
      "manufacturer": "samsung",
      "deviceDisplayName": "samsung SM-M515F"
    },
    "lastUpdateTime": "2022-11-15T06:20:44.657649Z"
  }
},
{
  "install": {
    "doc": {
      "documentType": "Android Apps",
      "title": "Group Sharing"
    },
    "firstInstallationTime": "2020-07-13T12:12:00.424Z",
    "deviceAttribute": {
      "model": "",
      "carrier": "",
      "manufacturer": "",
      "deviceDisplayName": ""
    },
    "lastUpdateTime": "2020-08-16T07:09:03.598Z"
  }
},
{
  "install": {
    "doc": {
      "documentType": "Android Apps",
      "title": "Samsung Biz Service"
    },
    "firstInstallationTime": "2020-07-13T12:12:00.424Z",
    "deviceAttribute": {
      "model": "",
      "carrier": "",
      "manufacturer": "",
      "deviceDisplayName": ""
    },
    "lastUpdateTime": "2020-08-16T07:09:03.598Z"
  }
},
{
  "install": {
    "doc": {
      "documentType": "Android Apps",
      "title": "Write on PDF"
    },
    "firstInstallationTime": "2020-07-13T12:12:00.424Z",
    "deviceAttribute": {
      "model": "",
      "carrier": "",
      "manufacturer": "",
      "deviceDisplayName": ""
    },
    "lastUpdateTime": "2020-08-16T07:09:03.598Z"
  }
},
{
  "install": {
    "doc": {
      "documentType": "Android Apps",
      "title": "com.samsung.android.video"
    },
    "firstInstallationTime": "2020-07-13T12:12:00.424Z",
    "deviceAttribute": {
      "model": "",
      "carrier": "",
      "manufacturer": "",
      "deviceDisplayName": ""
    },
    "lastUpdateTime": "2020-08-16T07:09:03.598Z"
  }
},
{
  "install": {
    "doc": {
      "documentType": "Android Apps",
      "title": "com.samsung.ims.smk"
    },
    "firstInstallationTime": "2020-07-13T12:12:00.424Z",
    "deviceAttribute": {
      "model": "",
      "carrier": "",
      "manufacturer": "",
      "deviceDisplayName": ""
    },
    "lastUpdateTime": "2020-08-16T07:09:03.598Z"
  }
},
{
  "install": {
    "doc": {
      "documentType": "Android Apps",
      "title": "Secure Folder"
    },
    "firstInstallationTime": "2020-07-13T12:12:00.424Z",
    "deviceAttribute": {
      "model": "",
      "carrier": "",
      "manufacturer": "",
      "deviceDisplayName": ""
    },
    "lastUpdateTime": "2020-08-16T07:09:03.598Z"
  }
},
{
  "install": {
    "doc": {
      "documentType": "Android Apps",
      "title": "Clock"
    },
    "firstInstallationTime": "2020-07-13T12:12:00.424Z",
    "deviceAttribute": {
      "model": "",
      "carrier": "",
      "manufacturer": "",
      "deviceDisplayName": ""
    },
    "lastUpdateTime": "2020-08-16T07:09:03.598Z"
  }
},
{
  "install": {
    "doc": {
      "documentType": "Android Apps",
      "title": "Samsung One UI Home"
    },
    "firstInstallationTime": "2020-07-13T12:12:00.424Z",
    "deviceAttribute": {
      "model": "",
      "carrier": "",
      "manufacturer": "",
      "deviceDisplayName": ""
    },
    "lastUpdateTime": "2020-08-16T07:09:03.598Z"
  }
},
{
  "install": {
    "doc": {
      "documentType": "Android Apps",
      "title": "Samsung My Files"
    },
    "firstInstallationTime": "2020-07-13T12:12:00.424Z",
    "deviceAttribute": {
      "model": "",
      "carrier": "",
      "manufacturer": "",
      "deviceDisplayName": ""
    },
    "lastUpdateTime": "2020-08-27T15:07:10.654119Z"
  }
},
{
  "install": {
    "doc": {
      "documentType": "Android Apps",
      "title": "Samsung Calculator"
    },
    "firstInstallationTime": "2021-03-12T14:20:31.341131Z",
    "deviceAttribute": {
      "model": "SM-M515F",
      "carrier": "o2",
      "manufacturer": "samsung",
      "deviceDisplayName": "samsung SM-M515F"
    },
    "lastUpdateTime": "2021-03-12T14:20:31.341131Z"
  }
},
{
  "install": {
    "doc": {
      "documentType": "Android Apps",
      "title": "Samsung Gallery"
    },
    "firstInstallationTime": "2020-07-13T12:12:00.424Z",
    "deviceAttribute": {
      "model": "",
      "carrier": "",
      "manufacturer": "",
      "deviceDisplayName": ""
    },
    "lastUpdateTime": "2020-08-16T07:09:03.598Z"
  }
},
{
  "install": {
    "doc": {
      "documentType": "Android Apps",
      "title": "Samsung Keyboard"
    },
    "firstInstallationTime": "2020-07-13T12:12:00.424Z",
    "deviceAttribute": {
      "model": "",
      "carrier": "",
      "manufacturer": "",
      "deviceDisplayName": ""
    },
    "lastUpdateTime": "2020-08-16T07:09:03.598Z"
  }
},
{
  "install": {
    "doc": {
      "documentType": "Android Apps",
      "title": "com.sec.imsservice"
    },
    "firstInstallationTime": "2020-07-13T12:12:00.424Z",
    "deviceAttribute": {
      "model": "",
      "carrier": "",
      "manufacturer": "",
      "deviceDisplayName": ""
    },
    "lastUpdateTime": "2020-08-16T07:09:03.598Z"
  }
},
{
  "install": {
    "doc": {
      "documentType": "Android Apps",
      "title": "Samsung Push Service"
    },
    "firstInstallationTime": "2021-03-12T14:01:41.522506Z",
    "deviceAttribute": {
      "model": "SM-M515F",
      "carrier": "o2",
      "manufacturer": "samsung",
      "deviceDisplayName": "samsung SM-M515F"
    },
    "lastUpdateTime": "2021-04-11T23:39:51.148400Z"
  }
},
{
  "install": {
    "doc": {
      "documentType": "Android Apps",
      "title": "Samsung Push Service"
    },
    "firstInstallationTime": "2020-07-13T12:12:00.424Z",
    "deviceAttribute": {
      "model": "",
      "carrier": "",
      "manufacturer": "",
      "deviceDisplayName": ""
    },
    "lastUpdateTime": "2020-08-16T07:09:03.598Z"
  }
},
{
  "install": {
    "doc": {
      "documentType": "Android Apps",
      "title": "Samsung KMS Agent"
    },
    "firstInstallationTime": "2020-07-13T12:12:00.424Z",
    "deviceAttribute": {
      "model": "",
      "carrier": "",
      "manufacturer": "",
      "deviceDisplayName": ""
    },
    "lastUpdateTime": "2020-08-16T07:09:03.598Z"
  }
},
{
  "install": {
    "doc": {
      "documentType": "Android Apps",
      "title": "Reverso Translate and Learn"
    },
    "firstInstallationTime": "2021-12-20T18:35:26.280151Z",
    "deviceAttribute": {
      "model": "SM-M515F",
      "carrier": "o2",
      "manufacturer": "samsung",
      "deviceDisplayName": "samsung SM-M515F"
    },
    "lastUpdateTime": "2021-12-20T18:35:26.280151Z"
  }
},
{
  "install": {
    "doc": {
      "documentType": "Android Apps",
      "title": "Spotify: Music, Podcasts, Lit"
    },
    "firstInstallationTime": "2021-03-12T14:20:31.341131Z",
    "deviceAttribute": {
      "model": "SM-M515F",
      "carrier": "o2",
      "manufacturer": "samsung",
      "deviceDisplayName": "samsung SM-M515F"
    },
    "lastUpdateTime": "2022-01-20T01:00:02.769514Z"
  }
},
{
  "install": {
    "doc": {
      "documentType": "Android Apps",
      "title": "Kaufland Connect"
    },
    "firstInstallationTime": "2022-12-17T00:39:04.333262Z",
    "deviceAttribute": {
      "model": "SM-M515F",
      "carrier": "o2",
      "manufacturer": "samsung",
      "deviceDisplayName": "samsung SM-M515F"
    },
    "lastUpdateTime": "2022-12-17T00:39:04.333262Z"
  }
},
{
  "install": {
    "doc": {
      "documentType": "Android Apps",
      "title": "English Grammar Book"
    },
    "firstInstallationTime": "2022-06-19T13:40:45.629269Z",
    "deviceAttribute": {
      "model": "SM-M515F",
      "carrier": "o2",
      "manufacturer": "samsung",
      "deviceDisplayName": "samsung SM-M515F"
    },
    "lastUpdateTime": "2022-06-19T13:40:45.629269Z"
  }
},
{
  "install": {
    "doc": {
      "documentType": "Android Apps",
      "title": "Truecaller: Caller ID \u0026 Block"
    },
    "firstInstallationTime": "2021-03-15T15:32:58.887185Z",
    "deviceAttribute": {
      "model": "CPH2113",
      "carrier": "Ooredoo Tunisia",
      "manufacturer": "OPPO",
      "deviceDisplayName": "OPPO CPH2113"
    },
    "lastUpdateTime": "2022-12-18T15:53:00.569419Z"
  }
},
{
  "install": {
    "doc": {
      "documentType": "Android Apps",
      "title": "Truecaller: Caller ID \u0026 Block"
    },
    "firstInstallationTime": "2021-03-15T12:09:56.868306Z",
    "deviceAttribute": {
      "model": "SM-M515F",
      "carrier": "o2",
      "manufacturer": "samsung",
      "deviceDisplayName": "samsung SM-M515F"
    },
    "lastUpdateTime": "2022-01-20T01:00:02.769514Z"
  }
},
{
  "install": {
    "doc": {
      "documentType": "Android Apps",
      "title": "Tumblr—Fandom, Art, Chaos"
    },
    "firstInstallationTime": "2021-08-06T19:15:07.688190Z",
    "deviceAttribute": {
      "model": "SM-M515F",
      "carrier": "o2",
      "manufacturer": "samsung",
      "deviceDisplayName": "samsung SM-M515F"
    },
    "lastUpdateTime": "2022-01-20T01:00:02.769514Z"
  }
},
{
  "install": {
    "doc": {
      "documentType": "Android Apps",
      "title": "TV5MONDE: learn French"
    },
    "firstInstallationTime": "2021-07-25T03:34:59.499861Z",
    "deviceAttribute": {
      "model": "SM-M515F",
      "carrier": "o2",
      "manufacturer": "samsung",
      "deviceDisplayName": "samsung SM-M515F"
    },
    "lastUpdateTime": "2022-01-20T01:00:02.769514Z"
  }
},
{
  "install": {
    "doc": {
      "documentType": "Android Apps",
      "title": "Twitter"
    },
    "firstInstallationTime": "2021-08-06T19:13:13.242715Z",
    "deviceAttribute": {
      "model": "SM-M515F",
      "carrier": "o2",
      "manufacturer": "samsung",
      "deviceDisplayName": "samsung SM-M515F"
    },
    "lastUpdateTime": "2022-01-20T01:00:02.769514Z"
  }
},
{
  "install": {
    "doc": {
      "documentType": "Android Apps",
      "title": "Udemy - Online Courses"
    },
    "firstInstallationTime": "2021-07-07T16:09:41.278459Z",
    "deviceAttribute": {
      "model": "CPH2113",
      "carrier": "Ooredoo Tunisia",
      "manufacturer": "OPPO",
      "deviceDisplayName": "OPPO CPH2113"
    },
    "lastUpdateTime": "2022-12-22T06:53:58.204433Z"
  }
},
{
  "install": {
    "doc": {
      "documentType": "Android Apps",
      "title": "Udemy - Online Courses"
    },
    "firstInstallationTime": "2021-07-07T12:52:57.262550Z",
    "deviceAttribute": {
      "model": "SM-M515F",
      "carrier": "o2",
      "manufacturer": "samsung",
      "deviceDisplayName": "samsung SM-M515F"
    },
    "lastUpdateTime": "2022-01-20T01:00:02.769514Z"
  }
},
{
  "install": {
    "doc": {
      "documentType": "Android Apps",
      "title": "Ultimate Facts - Did You Know?"
    },
    "firstInstallationTime": "2022-04-03T12:36:02.178632Z",
    "deviceAttribute": {
      "model": "SM-M515F",
      "carrier": "o2",
      "manufacturer": "samsung",
      "deviceDisplayName": "samsung SM-M515F"
    },
    "lastUpdateTime": "2022-04-03T12:36:02.178632Z"
  }
},
{
  "install": {
    "doc": {
      "documentType": "Android Apps",
      "title": "NFC Tools"
    },
    "firstInstallationTime": "2022-12-20T09:43:55.308641Z",
    "deviceAttribute": {
      "model": "SM-M515F",
      "carrier": "o2",
      "manufacturer": "samsung",
      "deviceDisplayName": "samsung SM-M515F"
    },
    "lastUpdateTime": "2022-12-20T09:43:55.308641Z"
  }
},
{
  "install": {
    "doc": {
      "documentType": "Android Apps",
      "title": "WhatsApp Messenger"
    },
    "firstInstallationTime": "2022-06-08T11:45:25.677849Z",
    "deviceAttribute": {
      "model": "SM-M515F",
      "carrier": "o2",
      "manufacturer": "samsung",
      "deviceDisplayName": "samsung SM-M515F"
    },
    "lastUpdateTime": "2022-12-04T17:17:40.338948Z"
  }
},
{
  "install": {
    "doc": {
      "documentType": "Android Apps",
      "title": "AiHelper: Sales and Parcels"
    },
    "firstInstallationTime": "2021-11-04T00:17:39.793552Z",
    "deviceAttribute": {
      "model": "SM-M515F",
      "carrier": "o2",
      "manufacturer": "samsung",
      "deviceDisplayName": "samsung SM-M515F"
    },
    "lastUpdateTime": "2022-01-20T01:00:02.769514Z"
  }
},
{
  "install": {
    "doc": {
      "documentType": "Android Apps",
      "title": "Learn German - Read German"
    },
    "firstInstallationTime": "2021-11-22T02:59:02.002413Z",
    "deviceAttribute": {
      "model": "SM-M515F",
      "carrier": "o2",
      "manufacturer": "samsung",
      "deviceDisplayName": "samsung SM-M515F"
    },
    "lastUpdateTime": "2022-01-20T01:00:02.769514Z"
  }
},
{
  "install": {
    "doc": {
      "documentType": "Android Apps",
      "title": "Der Die Das - learn german art"
    },
    "firstInstallationTime": "2022-01-30T18:23:27.041308Z",
    "deviceAttribute": {
      "model": "SM-M515F",
      "carrier": "o2",
      "manufacturer": "samsung",
      "deviceDisplayName": "samsung SM-M515F"
    },
    "lastUpdateTime": "2022-02-10T15:33:09.029370Z"
  }
},
{
  "install": {
    "doc": {
      "documentType": "Android Apps",
      "title": "Deutschtrainer A1"
    },
    "firstInstallationTime": "2022-01-18T12:37:05.738745Z",
    "deviceAttribute": {
      "model": "SM-M515F",
      "carrier": "o2",
      "manufacturer": "samsung",
      "deviceDisplayName": "samsung SM-M515F"
    },
    "lastUpdateTime": "2022-01-18T12:37:05.738745Z"
  }
},
{
  "install": {
    "doc": {
      "documentType": "Android Apps",
      "title": "Learn German"
    },
    "firstInstallationTime": "2022-01-18T12:37:05.738745Z",
    "deviceAttribute": {
      "model": "SM-M515F",
      "carrier": "o2",
      "manufacturer": "samsung",
      "deviceDisplayName": "samsung SM-M515F"
    },
    "lastUpdateTime": "2022-01-18T12:37:05.738745Z"
  }
},
{
  "install": {
    "doc": {
      "documentType": "Android Apps",
      "title": "DB Navigator"
    },
    "firstInstallationTime": "2022-09-11T22:43:22.225011Z",
    "deviceAttribute": {
      "model": "SM-M515F",
      "carrier": "o2",
      "manufacturer": "samsung",
      "deviceDisplayName": "samsung SM-M515F"
    },
    "lastUpdateTime": "2022-09-11T22:43:22.225011Z"
  }
},
{
  "install": {
    "doc": {
      "documentType": "Android Apps",
      "title": "N26 — The Mobile Bank"
    },
    "firstInstallationTime": "2022-09-14T20:01:35.267067Z",
    "deviceAttribute": {
      "model": "SM-M515F",
      "carrier": "o2",
      "manufacturer": "samsung",
      "deviceDisplayName": "samsung SM-M515F"
    },
    "lastUpdateTime": "2022-09-24T19:24:34.084033Z"
  }
},
{
  "install": {
    "doc": {
      "documentType": "Android Apps",
      "title": "Lidl - Offers \u0026 Leaflets"
    },
    "firstInstallationTime": "2022-09-20T00:40:45.134915Z",
    "deviceAttribute": {
      "model": "SM-M515F",
      "carrier": "o2",
      "manufacturer": "samsung",
      "deviceDisplayName": "samsung SM-M515F"
    },
    "lastUpdateTime": "2022-11-11T01:25:37.744053Z"
  }
},
{
  "install": {
    "doc": {
      "documentType": "Android Apps",
      "title": "English Grammar Test"
    },
    "firstInstallationTime": "2022-06-19T13:39:28.351139Z",
    "deviceAttribute": {
      "model": "SM-M515F",
      "carrier": "o2",
      "manufacturer": "samsung",
      "deviceDisplayName": "samsung SM-M515F"
    },
    "lastUpdateTime": "2022-06-19T13:39:28.351139Z"
  }
},
{
  "install": {
    "doc": {
      "documentType": "Android Apps",
      "title": "Flashcards World"
    },
    "firstInstallationTime": "2022-03-13T22:39:13.824030Z",
    "deviceAttribute": {
      "model": "SM-M515F",
      "carrier": "o2",
      "manufacturer": "samsung",
      "deviceDisplayName": "samsung SM-M515F"
    },
    "lastUpdateTime": "2022-03-13T22:39:13.824030Z"
  }
},
{
  "install": {
    "doc": {
      "documentType": "Android Apps",
      "title": "Briefing"
    },
    "firstInstallationTime": "2020-07-13T12:12:00.424Z",
    "deviceAttribute": {
      "model": "",
      "carrier": "",
      "manufacturer": "",
      "deviceDisplayName": ""
    },
    "lastUpdateTime": "2020-08-16T07:09:03.598Z"
  }
},
{
  "install": {
    "doc": {
      "documentType": "Android Apps",
      "title": "Doctolib"
    },
    "firstInstallationTime": "2022-11-26T21:28:26.606332Z",
    "deviceAttribute": {
      "model": "SM-M515F",
      "carrier": "o2",
      "manufacturer": "samsung",
      "deviceDisplayName": "samsung SM-M515F"
    },
    "lastUpdateTime": "2022-11-26T21:28:26.606332Z"
  }
},
{
  "install": {
    "doc": {
      "documentType": "Android Apps",
      "title": "NASA"
    },
    "firstInstallationTime": "2022-04-10T19:28:35.462918Z",
    "deviceAttribute": {
      "model": "SM-M515F",
      "carrier": "o2",
      "manufacturer": "samsung",
      "deviceDisplayName": "samsung SM-M515F"
    },
    "lastUpdateTime": "2022-04-10T19:28:35.462918Z"
  }
},
{
  "install": {
    "doc": {
      "documentType": "Android Apps",
      "title": "lk.visual.code.mobile"
    },
    "firstInstallationTime": "2022-02-24T07:52:01.512971Z",
    "deviceAttribute": {
      "model": "SM-M515F",
      "carrier": "o2",
      "manufacturer": "samsung",
      "deviceDisplayName": "samsung SM-M515F"
    },
    "lastUpdateTime": "2022-02-24T07:52:01.512971Z"
  }
},
{
  "install": {
    "doc": {
      "documentType": "Android Apps",
      "title": "Video to MP3 - Video to Audio"
    },
    "firstInstallationTime": "2021-12-08T04:54:30.282177Z",
    "deviceAttribute": {
      "model": "SM-M515F",
      "carrier": "o2",
      "manufacturer": "samsung",
      "deviceDisplayName": "samsung SM-M515F"
    },
    "lastUpdateTime": "2022-01-20T01:00:02.769514Z"
  }
},
{
  "install": {
    "doc": {
      "documentType": "Android Apps",
      "title": "Music Player \u0026 MP3 Player"
    },
    "firstInstallationTime": "2021-08-06T04:01:54.649568Z",
    "deviceAttribute": {
      "model": "SM-M515F",
      "carrier": "o2",
      "manufacturer": "samsung",
      "deviceDisplayName": "samsung SM-M515F"
    },
    "lastUpdateTime": "2021-08-06T04:01:54.649568Z"
  }
},
{
  "install": {
    "doc": {
      "documentType": "Android Apps",
      "title": "ArduinoDroid - Arduino/ESP8266"
    },
    "firstInstallationTime": "2022-09-18T20:34:57.037925Z",
    "deviceAttribute": {
      "model": "SM-M515F",
      "carrier": "o2",
      "manufacturer": "samsung",
      "deviceDisplayName": "samsung SM-M515F"
    },
    "lastUpdateTime": "2022-09-18T20:34:57.037925Z"
  }
},
{
  "install": {
    "doc": {
      "documentType": "Android Apps",
      "title": "Coursera: Learn career skills"
    },
    "firstInstallationTime": "2021-07-07T12:52:57.262550Z",
    "deviceAttribute": {
      "model": "SM-M515F",
      "carrier": "o2",
      "manufacturer": "samsung",
      "deviceDisplayName": "samsung SM-M515F"
    },
    "lastUpdateTime": "2022-11-24T20:24:32.061847Z"
  }
},
{
  "install": {
    "doc": {
      "documentType": "Android Apps",
      "title": "TOEFL Go! Global"
    },
    "firstInstallationTime": "2022-06-19T13:40:45.629269Z",
    "deviceAttribute": {
      "model": "SM-M515F",
      "carrier": "o2",
      "manufacturer": "samsung",
      "deviceDisplayName": "samsung SM-M515F"
    },
    "lastUpdateTime": "2022-06-19T13:40:45.629269Z"
  }
},
{
  "install": {
    "doc": {
      "documentType": "Android Apps",
      "title": "TOEFL® Official App"
    },
    "firstInstallationTime": "2022-06-17T08:57:10.491966Z",
    "deviceAttribute": {
      "model": "SM-M515F",
      "carrier": "o2",
      "manufacturer": "samsung",
      "deviceDisplayName": "samsung SM-M515F"
    },
    "lastUpdateTime": "2022-09-29T21:44:18.009767Z"
  }
},
{
  "install": {
    "doc": {
      "documentType": "Android Apps",
      "title": "Firefox Fast \u0026 Private Browser"
    },
    "firstInstallationTime": "2022-09-05T08:58:59.966780Z",
    "deviceAttribute": {
      "model": "SM-M515F",
      "carrier": "o2",
      "manufacturer": "samsung",
      "deviceDisplayName": "samsung SM-M515F"
    },
    "lastUpdateTime": "2022-09-05T08:58:59.966780Z"
  }
},
{
  "install": {
    "doc": {
      "documentType": "Android Apps",
      "title": "Signal Private Messenger"
    },
    "firstInstallationTime": "2021-03-12T15:14:59.724170Z",
    "deviceAttribute": {
      "model": "SM-M515F",
      "carrier": "o2",
      "manufacturer": "samsung",
      "deviceDisplayName": "samsung SM-M515F"
    },
    "lastUpdateTime": "2022-02-14T14:13:52.362096Z"
  }
},
{
  "install": {
    "doc": {
      "documentType": "Android Apps",
      "title": "PDF Document Scanner"
    },
    "firstInstallationTime": "2022-06-10T13:30:53.920305Z",
    "deviceAttribute": {
      "model": "SM-M515F",
      "carrier": "o2",
      "manufacturer": "samsung",
      "deviceDisplayName": "samsung SM-M515F"
    },
    "lastUpdateTime": "2022-06-10T13:30:53.920305Z"
  }
},
{
  "install": {
    "doc": {
      "documentType": "Android Apps",
      "title": "Pydroid 3 - IDE for Python 3"
    },
    "firstInstallationTime": "2021-07-20T14:25:05.041526Z",
    "deviceAttribute": {
      "model": "SM-M515F",
      "carrier": "o2",
      "manufacturer": "samsung",
      "deviceDisplayName": "samsung SM-M515F"
    },
    "lastUpdateTime": "2021-07-20T14:25:05.041526Z"
  }
},
{
  "install": {
    "doc": {
      "documentType": "Android Apps",
      "title": "Pydroid repository plugin"
    },
    "firstInstallationTime": "2021-07-29T09:57:14.890277Z",
    "deviceAttribute": {
      "model": "SM-M515F",
      "carrier": "o2",
      "manufacturer": "samsung",
      "deviceDisplayName": "samsung SM-M515F"
    },
    "lastUpdateTime": "2021-07-29T09:57:14.890277Z"
  }
},
{
  "install": {
    "doc": {
      "documentType": "Android Apps",
      "title": "Kimbino − Weekly ads and Deals"
    },
    "firstInstallationTime": "2022-09-20T00:40:45.134915Z",
    "deviceAttribute": {
      "model": "SM-M515F",
      "carrier": "o2",
      "manufacturer": "samsung",
      "deviceDisplayName": "samsung SM-M515F"
    },
    "lastUpdateTime": "2022-09-20T00:40:45.134915Z"
  }
},
{
  "install": {
    "doc": {
      "documentType": "Android Apps",
      "title": "Andronix - Linux on Android"
    },
    "firstInstallationTime": "2022-02-24T08:20:52.512632Z",
    "deviceAttribute": {
      "model": "SM-M515F",
      "carrier": "o2",
      "manufacturer": "samsung",
      "deviceDisplayName": "samsung SM-M515F"
    },
    "lastUpdateTime": "2022-02-24T21:50:08.132454Z"
  }
},
{
  "install": {
    "doc": {
      "documentType": "Android Apps",
      "title": "My Ooredoo Tunisie"
    },
    "firstInstallationTime": "2021-11-30T15:34:09.659008Z",
    "deviceAttribute": {
      "model": "CPH2113",
      "carrier": "Ooredoo Tunisia",
      "manufacturer": "OPPO",
      "deviceDisplayName": "OPPO CPH2113"
    },
    "lastUpdateTime": "2022-12-20T13:02:13.902180Z"
  }
},
{
  "install": {
    "doc": {
      "documentType": "Android Apps",
      "title": "My Ooredoo Tunisie"
    },
    "firstInstallationTime": "2022-09-23T21:37:26.336973Z",
    "deviceAttribute": {
      "model": "SM-M515F",
      "carrier": "o2",
      "manufacturer": "samsung",
      "deviceDisplayName": "samsung SM-M515F"
    },
    "lastUpdateTime": "2022-09-23T21:37:26.336973Z"
  }
},
{
  "install": {
    "doc": {
      "documentType": "Android Apps",
      "title": "Nouvelair"
    },
    "firstInstallationTime": "2022-09-15T18:16:45.256209Z",
    "deviceAttribute": {
      "model": "CPH2113",
      "carrier": "Ooredoo Tunisia",
      "manufacturer": "OPPO",
      "deviceDisplayName": "OPPO CPH2113"
    },
    "lastUpdateTime": "2022-12-11T13:09:04.944609Z"
  }
},
{
  "install": {
    "doc": {
      "documentType": "Android Apps",
      "title": "Nouvelair"
    },
    "firstInstallationTime": "2022-09-15T14:02:55.249842Z",
    "deviceAttribute": {
      "model": "SM-M515F",
      "carrier": "o2",
      "manufacturer": "samsung",
      "deviceDisplayName": "samsung SM-M515F"
    },
    "lastUpdateTime": "2022-09-15T14:02:55.249842Z"
  }
},
{
  "install": {
    "doc": {
      "documentType": "Android Apps",
      "title": "D17"
    },
    "firstInstallationTime": "2021-08-10T07:33:21.823692Z",
    "deviceAttribute": {
      "model": "SM-M515F",
      "carrier": "o2",
      "manufacturer": "samsung",
      "deviceDisplayName": "samsung SM-M515F"
    },
    "lastUpdateTime": "2021-08-10T07:33:21.823692Z"
  }
},
{
  "install": {
    "doc": {
      "documentType": "Android Apps",
      "title": "Chess"
    },
    "firstInstallationTime": "2021-07-13T22:15:20.824589Z",
    "deviceAttribute": {
      "model": "CPH2113",
      "carrier": "Ooredoo Tunisia",
      "manufacturer": "OPPO",
      "deviceDisplayName": "OPPO CPH2113"
    },
    "lastUpdateTime": "2022-06-26T10:54:57.545806Z"
  }
},
{
  "install": {
    "doc": {
      "documentType": "Android Apps",
      "title": "Chess"
    },
    "firstInstallationTime": "2021-03-12T15:14:00.866781Z",
    "deviceAttribute": {
      "model": "SM-M515F",
      "carrier": "o2",
      "manufacturer": "samsung",
      "deviceDisplayName": "samsung SM-M515F"
    },
    "lastUpdateTime": "2021-03-12T15:14:00.866781Z"
  }
},
{
  "install": {
    "doc": {
      "documentType": "Android Apps",
      "title": "BBC Learning English"
    },
    "firstInstallationTime": "2022-06-19T13:39:28.351139Z",
    "deviceAttribute": {
      "model": "SM-M515F",
      "carrier": "o2",
      "manufacturer": "samsung",
      "deviceDisplayName": "samsung SM-M515F"
    },
    "lastUpdateTime": "2022-06-19T13:39:28.351139Z"
  }
},
{
  "install": {
    "doc": {
      "documentType": "Android Apps",
      "title": "Learn English, Get Fluent"
    },
    "firstInstallationTime": "2022-06-19T13:39:28.351139Z",
    "deviceAttribute": {
      "model": "SM-M515F",
      "carrier": "o2",
      "manufacturer": "samsung",
      "deviceDisplayName": "samsung SM-M515F"
    },
    "lastUpdateTime": "2022-06-19T13:39:28.351139Z"
  }
},
{
  "install": {
    "doc": {
      "documentType": "Android Apps",
      "title": "Vivid: Mobile Banking"
    },
    "firstInstallationTime": "2022-09-12T20:48:19.698788Z",
    "deviceAttribute": {
      "model": "SM-M515F",
      "carrier": "o2",
      "manufacturer": "samsung",
      "deviceDisplayName": "samsung SM-M515F"
    },
    "lastUpdateTime": "2022-09-12T20:48:19.698788Z"
  }
},
{
  "install": {
    "doc": {
      "documentType": "Android Apps",
      "title": "Bluetooth Loudspeaker"
    },
    "firstInstallationTime": "2022-06-03T23:34:57.856601Z",
    "deviceAttribute": {
      "model": "SM-M515F",
      "carrier": "o2",
      "manufacturer": "samsung",
      "deviceDisplayName": "samsung SM-M515F"
    },
    "lastUpdateTime": "2022-06-03T23:34:57.856601Z"
  }
}]